epoch,loss_fcn,model,test_loss,train_loss
1,MSE,Mog,0.5981213301420212,1.0629972890019417
2,MSE,Mog,0.3248558208346367,0.536619957536459
3,MSE,Mog,0.2863159470260143,0.4039100855588913
4,MSE,Mog,0.26209255680441856,0.3225098345428705
5,MSE,Mog,0.2454003721475601,0.2335022035986185
6,MSE,Mog,0.21808116585016252,0.17516680154949427
7,MSE,Mog,0.19615862220525743,0.13941565621644258
8,MSE,Mog,0.18777605704963207,0.09890832751989365
9,MSE,Mog,0.17911832295358182,0.07355208788067102
10,MSE,Mog,0.17456998564302922,0.059212359599769115
11,MSE,Mog,0.1710454434156418,0.047927435487508774
12,MSE,Mog,0.16803714632987976,0.041649386985227466
13,MSE,Mog,0.16420984081923962,0.03449895279482007
14,MSE,Mog,0.1606648202985525,0.030453944578766823
15,MSE,Mog,0.1595228649675846,0.02481731353327632
16,MSE,Mog,0.15743265450000762,0.042393521405756474
17,MSE,Mog,0.1541351780295372,0.019769140984863043
18,MSE,Mog,0.15650048330426217,0.016404107096605003
19,MSE,Mog,0.15107232481241226,0.014846359263174236
20,MSE,Mog,0.14584401547908782,0.013183687231503427
21,MSE,Mog,0.14321667402982713,0.013777643907815218
22,MSE,Mog,0.1413158740848303,0.010654620011337101
23,MSE,Mog,0.14128779321908952,0.011118227732367814
24,MSE,Mog,0.13781302273273469,0.013494241691660136
25,MSE,Mog,0.13709711283445358,0.007899343792814761
26,MSE,Mog,0.13375325538218022,0.010317818901967257
27,MSE,Mog,0.13168522343039513,0.00687454579747282
28,MSE,Mog,0.13332764096558095,0.006911737669724971
29,MSE,Mog,0.12946901097893715,0.0055567583767697215
30,MSE,Mog,0.12997958660125733,0.004981874051736668
31,MSE,Mog,0.1271739736199379,0.006456257484387606
32,MSE,Mog,0.1302208136767149,0.004352125892182812
33,MSE,Mog,0.12559805884957315,0.0048638432344887406
34,MSE,Mog,0.12578256726264953,0.003993524587713182
35,MSE,Mog,0.12366945035755635,0.0038044124376028776
36,MSE,Mog,0.1227999396622181,0.003269940585596487
37,MSE,Mog,0.12313832342624664,0.002908774942625314
38,MSE,Mog,0.12071011550724506,0.002759870432782918
39,MSE,Mog,0.1191371239721775,0.002587607581517659
40,MSE,Mog,0.1210187915712595,0.0025163737445836887
41,MSE,Mog,0.11984457783401012,0.0024830051697790623
42,MSE,Mog,0.1206397246569395,0.0023763350473018363
43,MSE,Mog,0.11916785892099142,0.002500944188795984
44,MSE,Mog,0.11784381605684757,0.002839547749317717
45,MSE,Mog,0.11875196695327758,0.0019942709914175794
46,MSE,Mog,0.11725391373038292,0.001743709755828604
47,MSE,Mog,0.11692633479833603,0.0016478314937558025
48,MSE,Mog,0.11650873832404614,0.0016109631687868387
49,MSE,Mog,0.11920646950602531,0.0014692369586555287
50,MSE,Mog,0.11646249201148748,0.0014231675741029903
51,MSE,Mog,0.11610997319221497,0.0014516727678710595
52,MSE,Mog,0.11634277775883675,0.0012311245664022863
53,MSE,Mog,0.11436127163469792,0.0015195805171970278
54,MSE,Mog,0.11403220798820257,0.0012186648673377931
55,MSE,Mog,0.11474568098783493,0.0011044739294447936
56,MSE,Mog,0.11373931318521499,0.0010594027480692603
57,MSE,Mog,0.11327965930104256,0.0009838540354394354
58,MSE,Mog,0.11154399774968624,0.0009770739125087857
59,MSE,Mog,0.11332828998565674,0.0009301267346017994
60,MSE,Mog,0.11176720708608627,0.0008755278831813484
61,MSE,Mog,0.11226526591926814,0.0008843547475407831
62,MSE,Mog,0.11250325422734023,0.000806563904916402
63,MSE,Mog,0.1162431351840496,0.0008039743333938532
64,MSE,Mog,0.11102322097867727,0.0007593828850076534
65,MSE,Mog,0.11042265482246875,0.000808602839242667
66,MSE,Mog,0.1106695044785738,0.0007447784155374393
67,MSE,Mog,0.11191070713102817,0.00065252446802333
68,MSE,Mog,0.11120905093848706,0.0006571570556843653
69,MSE,Mog,0.11087608095258475,0.0006166325256344862
70,MSE,Mog,0.110773896984756,0.0006894894577271771
71,MSE,Mog,0.11145217977464199,0.000958022410486592
72,MSE,Mog,0.11029607355594635,0.0006021308290655725
73,MSE,Mog,0.10949529586359859,0.000583289671340026
74,MSE,Mog,0.1096344195306301,0.0005526126187760383
75,MSE,Mog,0.10896137468516827,0.0006322702101897448
76,MSE,Mog,0.11027200818061829,0.0007005819752521347
77,MSE,Mog,0.10939166359603406,0.0004916059551760554
78,MSE,Mog,0.10989678110927344,0.0005228184600127861
79,MSE,Mog,0.10978741794824601,0.0014337297798192594
80,MSE,Mog,0.10833639651536942,0.0007537251149187796
81,MSE,Mog,0.10847054924815894,0.0005740586566389538
82,MSE,Mog,0.108167639747262,0.0011048103697248735
83,MSE,Mog,0.1093681998550892,0.0005313757319527213
84,MSE,Mog,0.10870706867426634,0.00046172137081157416
85,MSE,Mog,0.10940198041498661,0.00043293774069752544
86,MSE,Mog,0.10853310488164425,0.00036931587965227664
87,MSE,Mog,0.1079907950013876,0.00036043484578840435
88,MSE,Mog,0.1090309951454401,0.00034528359174146317
89,MSE,Mog,0.10749164372682571,0.0003458693372522248
90,MSE,Mog,0.10767802782356739,0.0002991138280776795
91,MSE,Mog,0.10955876447260379,0.00029531295149354264
92,MSE,Mog,0.1079541627317667,0.0002567828159953933
93,MSE,Mog,0.10731890127062797,0.00026572624119580723
94,MSE,Mog,0.1088322427123785,0.0002901400312111946
95,MSE,Mog,0.10757025219500065,0.0002514940370019758
96,MSE,Mog,0.10831188298761844,0.00031177697201201227
97,MSE,Mog,0.10892129391431808,0.00025448310589126777
98,MSE,Mog,0.10771028436720372,0.00023255167252500542
99,MSE,Mog,0.10813881531357765,0.0002141888689948246
100,MSE,Mog,0.10778581760823727,0.0002036214900726918
101,MSE,Mog,0.1078674029558897,0.00022694379913446028
102,MSE,Mog,0.10821467377245426,0.00020708462034235708
103,MSE,Mog,0.107410479336977,0.00022120764151623007
104,MSE,Mog,0.10790621414780617,0.00019130101554765133
105,MSE,Mog,0.10681002251803876,0.00019218938541598618
106,MSE,Mog,0.10792487226426602,0.00017666623898549005
107,MSE,Mog,0.10815338995307684,0.0003433162482906482
108,MSE,Mog,0.10700076185166836,0.0001735161395117757
109,MSE,Mog,0.10787783078849315,0.0003591086351661943
110,MSE,Mog,0.10830086804926395,0.0002130130960722454
111,MSE,Mog,0.10788058638572692,0.00019498666006256826
112,MSE,Mog,0.10724433697760105,0.00016376224266423378
113,MSE,Mog,0.1070071903988719,0.00016095751925604418
114,MSE,Mog,0.10723321326076984,0.00015143815380724845
115,MSE,Mog,0.1073882594704628,0.00015643961160094477
116,MSE,Mog,0.10748080350458622,0.00014155708322505234
117,MSE,Mog,0.10670490041375161,0.00012749653342325473
118,MSE,Mog,0.10761938840150834,0.00037133490513951983
119,MSE,Mog,0.10808008424937725,0.0001514868099548039
120,MSE,Mog,0.1072906918823719,0.00015085549421200994
121,MSE,Mog,0.10571039468050003,0.0001790980422811117
122,MSE,Mog,0.10791709572076798,0.00014758344605070306
123,MSE,Mog,0.10762181505560875,0.00022873227317177225
124,MSE,Mog,0.10815978869795799,0.00014332086811918998
125,MSE,Mog,0.10731599107384682,0.00012047377822455019
126,MSE,Mog,0.10766947269439697,0.00010135746833839221
127,MSE,Mog,0.10654566325247287,0.00012319058805587701
128,MSE,Mog,0.10833125934004784,0.00013963902347313706
129,MSE,Mog,0.10770614985376596,0.00010216451209998922
130,MSE,Mog,0.10781045481562615,8.372268939638161e-05
131,MSE,Mog,0.10746351294219494,7.867801059546764e-05
132,MSE,Mog,0.10781366620212793,7.800897174092825e-05
133,MSE,Mog,0.10717832669615746,7.82987108323141e-05
134,MSE,Mog,0.10727239102125168,7.421371174132219e-05
135,MSE,Mog,0.10735863801091909,7.024928117971285e-05
136,MSE,Mog,0.10740949288010597,7.196679234766634e-05
137,MSE,Mog,0.10601533688604832,6.349866725940956e-05
138,MSE,Mog,0.10781544670462609,0.00010421143224448315
139,MSE,Mog,0.10743224769830703,7.335777900152607e-05
140,MSE,Mog,0.10700953230261803,6.43874204797612e-05
141,MSE,Mog,0.10731073468923569,5.6207075886050006e-05
142,MSE,Mog,0.1072888769209385,6.071268626328674e-05
143,MSE,Mog,0.10795407332479953,6.544288544318988e-05
144,MSE,Mog,0.10748955830931664,6.592029512830777e-05
145,MSE,Mog,0.1076912883669138,0.0006083705070523138
146,MSE,Mog,0.10778365172445774,0.00015821597935428144
147,MSE,Mog,0.10815155394375324,0.00016467426576127764
148,MSE,Mog,0.1075279776006937,0.00018154770441469736
149,MSE,Mog,0.10773275829851628,0.0001823819948185701
150,MSE,Mog,0.10639980807900429,0.0001096527435038297
151,MSE,Mog,0.10738115161657333,0.00012925912687933305
152,MSE,Mog,0.10695775263011456,9.64457904046867e-05
153,MSE,Mog,0.10738746970891952,0.00030548165887012146
154,MSE,Mog,0.10760908722877502,0.00016624280078758602
155,MSE,Mog,0.10674006789922715,0.0006409302873180422
156,MSE,Mog,0.10773037783801556,0.0002452122516842792
157,MSE,Mog,0.107652479223907,7.178204759838991e-05
158,MSE,Mog,0.10675037335604429,0.00016713201694074087
159,MSE,Mog,0.1070724830031395,7.745052425889298e-05
160,MSE,Mog,0.10746075920760631,0.00017604150434635812
161,MSE,Mog,0.1068610455840826,0.00011891404346897616
162,MSE,Mog,0.10745577588677406,0.00014813140933256363
163,MSE,Mog,0.10752470176666976,9.104150285565993e-05
164,MSE,Mog,0.10759625732898712,7.82326146691048e-05
165,MSE,Mog,0.10720721408724784,6.376562123477925e-05
166,MSE,Mog,0.1075720451772213,4.147126765019493e-05
167,MSE,Mog,0.10848595313727856,5.6064140153466724e-05
168,MSE,Mog,0.10782887637615204,4.7175863983284216e-05
169,MSE,Mog,0.1080959677696228,3.639273950284405e-05
170,MSE,Mog,0.10626763440668582,5.724056131839461e-05
171,MSE,Mog,0.10744692105799913,4.981039364793105e-05
172,MSE,Mog,0.10763415694236755,4.7636774979764596e-05
173,MSE,Mog,0.10786129571497441,3.4409262752888026e-05
174,MSE,Mog,0.10791056714951992,2.8060271233698586e-05
175,MSE,Mog,0.10795162916183472,2.46309067506445e-05
176,MSE,Mog,0.10805532783269882,0.000134362752078232
177,MSE,Mog,0.10831872932612896,5.612612130789785e-05
178,MSE,Mog,0.1078888639807701,5.0178989113192074e-05
179,MSE,Mog,0.10728112421929836,6.277677402977133e-05
180,MSE,Mog,0.10779139138758183,6.122178683654056e-05
181,MSE,Mog,0.10883219353854656,0.0001243668471033743
182,MSE,Mog,0.10794800780713558,9.916190401781932e-05
183,MSE,Mog,0.10728507563471794,5.207001868257066e-05
184,MSE,Mog,0.10845980569720268,3.544611149663979e-05
185,MSE,Mog,0.10895373523235322,2.576771476014983e-05
186,MSE,Mog,0.10779240541160107,3.1635152254239074e-05
187,MSE,Mog,0.10643576234579086,2.681828755157767e-05
188,MSE,Mog,0.10852411426603795,1.9529702171894314e-05
189,MSE,Mog,0.10904719233512879,1.5333200622080767e-05
190,MSE,Mog,0.10788953714072705,3.082135367549199e-05
191,MSE,Mog,0.10773589164018631,4.551062033897324e-05
192,MSE,Mog,0.10850733816623688,3.821056679953472e-05
193,MSE,Mog,0.1065353062003851,2.206319925335265e-05
194,MSE,Mog,0.1085240425541997,1.6436507735306805e-05
195,MSE,Mog,0.1082628309726715,1.388902217058785e-05
196,MSE,Mog,0.10812294837087393,1.1583524610614404e-05
197,MSE,Mog,0.10818053185939788,1.046979559760075e-05
198,MSE,Mog,0.10834824740886688,9.119153844494576e-06
199,MSE,Mog,0.1091343991458416,0.000167106953028906
200,MSE,Mog,0.10714920666068792,8.05042377578502e-05
201,MSE,Mog,0.108669438585639,5.0074760110874195e-05
202,MSE,Mog,0.10744605548679828,0.00013413439796750026
203,MSE,Mog,0.10830541402101516,0.00014150248034638935
204,MSE,Mog,0.10805316045880317,0.00011197185040145996
205,MSE,Mog,0.10865611359477043,0.00013812675706503796
206,MSE,Mog,0.1084330651909113,0.00010457242251504795
207,MSE,Mog,0.10804471671581269,5.7679328392623574e-05
208,MSE,Mog,0.10804527979344129,2.80695834362632e-05
209,MSE,Mog,0.10800148025155068,8.365098005924665e-05
210,MSE,Mog,0.10863620527088642,3.89043377708731e-05
211,MSE,Mog,0.10896716602146625,2.4638890522510337e-05
212,MSE,Mog,0.1086899008601904,3.4583126875986636e-05
213,MSE,Mog,0.10885517913848161,1.817419729377434e-05
214,MSE,Mog,0.10886108595877886,2.4826625008245173e-05
215,MSE,Mog,0.1083312626928091,0.00018015344051036664
216,MSE,Mog,0.108976548910141,7.077320242387941e-05
217,MSE,Mog,0.10905293896794319,5.314520490173891e-05
218,MSE,Mog,0.10972157381474971,0.0004280546340851288
219,MSE,Mog,0.1118860475718975,0.00034843430785258533
220,MSE,Mog,0.10905710272490979,0.0002750839894360979
221,MSE,Mog,0.11006270945072175,0.00017388827154718456
222,MSE,Mog,0.1075738612562418,0.0006605301828130905
223,MSE,Mog,0.10926458053290844,0.00037030524617875926
224,MSE,Mog,0.10791041031479835,0.0005376346816774458
225,MSE,Mog,0.10826099030673504,0.0005977544424240477
226,MSE,Mog,0.11029969975352287,0.000724568015357363
227,MSE,Mog,0.1103454940021038,0.0006717177784594242
228,MSE,Mog,0.11078910753130913,0.0004661466382458457
229,MSE,Mog,0.1098680280148983,0.0004132566045882413
230,MSE,Mog,0.10908682942390442,0.00023517182944488013
231,MSE,Mog,0.1102020088583231,0.00042935737110383343
232,MSE,Mog,0.11022573001682759,0.0007292820901056984
233,MSE,Mog,0.10837105438113212,0.000278019426332321
234,MSE,Mog,0.10741870179772377,0.0010625317936501233
235,MSE,Mog,0.10934847369790077,0.0005850785128131974
236,MSE,Mog,0.10923471413552761,0.00021187807669775793
237,MSE,Mog,0.10829893127083778,0.00047352264118671883
238,MSE,Mog,0.10989908911287785,0.00024508187743776944
239,MSE,Mog,0.10944997984915972,0.0005950488712187507
240,MSE,Mog,0.10863704904913903,0.0009263668789571966
241,MSE,Mog,0.10916898176074027,0.00038762096301070414
242,MSE,Mog,0.10795937143266202,0.00032772706708783517
243,MSE,Mog,0.10744758546352387,0.0003937235596822575
244,MSE,Mog,0.10754904001951218,0.00031092683184397174
245,MSE,Mog,0.10807552635669708,0.00011681227260851301
246,MSE,Mog,0.10770622938871384,0.00034499727644288214
247,MSE,Mog,0.1091840809211135,0.0002704857879507472
248,MSE,Mog,0.1094922475516796,0.00010101818361363257
249,MSE,Mog,0.10757598243653774,0.0004956071661581518
250,MSE,Mog,0.10958416759967804,0.00020785867127415258
251,MSE,Mog,0.10993355102837085,0.0007694091445955564
252,MSE,Mog,0.1095520194619894,0.0003285348466306459
253,MSE,Mog,0.1074142586439848,0.00022941847009860794
254,MSE,Mog,0.10839737206697464,0.00031642674639442703
255,MSE,Mog,0.10950817801058292,0.00012118590257159667
256,MSE,Mog,0.1085271693766117,0.00019979369017164572
257,MSE,Mog,0.10880221351981163,9.17332581593655e-05
258,MSE,Mog,0.10966292768716812,0.00013129690387359005
259,MSE,Mog,0.10871324744075536,0.00016304161135849427
260,MSE,Mog,0.10887091085314751,8.884721182766953e-05
261,MSE,Mog,0.1098629966378212,2.6512898784858407e-05
262,MSE,Mog,0.1083766520023346,5.913485108521854e-05
263,MSE,Mog,0.10866845455020666,0.00025707233135108254
264,MSE,Mog,0.11024389471858739,0.00024250591832242208
265,MSE,Mog,0.11139950901269913,0.00011770477181016759
266,MSE,Mog,0.11012064963579178,0.00011266005185461836
267,MSE,Mog,0.11029286310076714,6.516469738926389e-05
268,MSE,Mog,0.11011401601135731,9.821689627642627e-05
269,MSE,Mog,0.11010286547243595,0.00013554582437791396
270,MSE,Mog,0.10995333418250083,0.00014274291788751725
271,MSE,Mog,0.10925747416913509,8.863181983542745e-05
272,MSE,Mog,0.10946653746068477,3.405959182600782e-05
273,MSE,Mog,0.11041305959224701,3.482190072645608e-05
274,MSE,Mog,0.10977862924337387,3.1648884714741143e-05
275,MSE,Mog,0.10903148576617241,2.160556164199079e-05
276,MSE,Mog,0.10980740636587143,2.3410284256897285e-05
277,MSE,Mog,0.10930946618318557,2.0003135432489216e-05
278,MSE,Mog,0.10984764285385609,4.4744068759428046e-05
279,MSE,Mog,0.10997374728322029,2.8379196010064334e-05
280,MSE,Mog,0.10880739130079746,1.7073186484140024e-05
281,MSE,Mog,0.10895215459167958,2.6627018996805418e-05
282,MSE,Mog,0.10822548009455205,5.474777276504028e-05
283,MSE,Mog,0.10955063365399838,7.573613038402982e-05
284,MSE,Mog,0.10986819677054882,8.249862594311708e-05
285,MSE,Mog,0.10932259410619735,6.605429189221468e-05
286,MSE,Mog,0.1091133926063776,0.00013455386670102598
287,MSE,Mog,0.10871037347242236,9.442033342565992e-05
288,MSE,Mog,0.1099501270800829,7.145512836359558e-05
289,MSE,Mog,0.10925958789885044,7.025941431493266e-05
290,MSE,Mog,0.10812917351722717,8.58129110383743e-05
291,MSE,Mog,0.1100623719394207,7.111248896762845e-05
292,MSE,Mog,0.10974727123975754,8.202585786420968e-05
293,MSE,Mog,0.10974249355494976,5.840985159011325e-05
294,MSE,Mog,0.11059601195156574,6.204085775607382e-05
295,MSE,Mog,0.10949586182832718,0.00010420714113479335
296,MSE,Mog,0.10929957590997219,6.246277052923688e-05
297,MSE,Mog,0.11040138006210327,0.00024437320689685293
298,MSE,Mog,0.10916384011507034,0.0003195414294623333
299,MSE,Mog,0.10899409465491772,0.0005170732783881249
300,MSE,Mog,0.11090455390512943,0.0007110555088729598
301,MSE,Mog,0.10898259170353412,0.0002904360326283495
302,MSE,Mog,0.10890583768486976,0.000565920265216846
303,MSE,Mog,0.10861400552093983,0.0004471457959880354
304,MSE,Mog,0.10850851014256477,0.0003526272776070982
305,MSE,Mog,0.11309565082192422,0.0006203001030371524
306,MSE,Mog,0.11103204153478145,0.000585452846280532
307,MSE,Mog,0.10938028059899807,0.00036075171192351263
308,MSE,Mog,0.11035858951508999,0.00023114973555493634
309,MSE,Mog,0.11058517545461655,0.00017874953118734993
310,MSE,Mog,0.11065730340778827,9.620110631658463e-05
311,MSE,Mog,0.11025254763662815,0.00013293924712343141
312,MSE,Mog,0.10972983352839946,0.0001119048001783085
313,MSE,Mog,0.11009724587202072,8.413834348175442e-05
314,MSE,Mog,0.10817358754575253,6.958768335607601e-05
315,MSE,Mog,0.10989142805337906,9.456197881263506e-05
316,MSE,Mog,0.10996376723051071,0.00011392808892196626
317,MSE,Mog,0.10992319472134113,0.00013143066644261125
318,MSE,Mog,0.10994281880557537,0.00010633097326717689
319,MSE,Mog,0.11012752838432789,0.00011758902201108867
320,MSE,Mog,0.11008954420685768,0.00016777338942119968
321,MSE,Mog,0.1098178956657648,0.00022196077043190598
322,MSE,Mog,0.11044184230268002,0.00039333825998255634
323,MSE,Mog,0.11054865121841431,0.0002589523037386243
324,MSE,Mog,0.10997650623321534,0.0006655052529822569
325,MSE,Mog,0.11179690547287464,0.000879460012583877
326,MSE,Mog,0.1094241600483656,0.0016477772733196616
327,MSE,Mog,0.11169371642172336,0.0008377598169317935
328,MSE,Mog,0.10915901027619838,0.002385379993938841
329,MSE,Mog,0.1086564663797617,0.005414306309830863
330,MSE,Mog,0.11062114760279655,0.003418233151023742
331,MSE,Mog,0.11052625589072704,0.0022416495157813188
332,MSE,Mog,0.10761501453816891,0.004121270394534804
333,MSE,Mog,0.11224144734442235,0.005367747929994948
334,MSE,Mog,0.1101808175444603,0.0026170584897045046
335,MSE,Mog,0.10589412599802017,0.0044225517340237275
336,MSE,Mog,0.11357974372804165,0.0027592113619903103
337,MSE,Mog,0.11699885427951813,0.0017800102141336538
338,MSE,Mog,0.10897306036204099,0.0015547196817351505
339,MSE,Mog,0.10993160977959633,0.0014388797935680486
340,MSE,Mog,0.11269693691283464,0.0013532088923966512
341,MSE,Mog,0.10836406648159028,0.0009720755006128456
342,MSE,Mog,0.10866475366055965,0.000724047698895447
343,MSE,Mog,0.110494339838624,0.0005341291762306355
344,MSE,Mog,0.10903581082820893,0.0005164429167052731
345,MSE,Mog,0.11037243492901325,0.0003810018242802471
346,MSE,Mog,0.11197693720459938,0.00026606815117702354
347,MSE,Mog,0.10951894223690033,0.00034177723864559084
348,MSE,Mog,0.1105740025639534,0.0003748081808225834
349,MSE,Mog,0.11042629517614841,0.00028699917857011314
350,MSE,Mog,0.10980428121984005,0.00020259541724954033
351,MSE,Mog,0.1095020692795515,0.0002441771048324881
352,MSE,Mog,0.10893825758248568,0.0002168376422559959
353,MSE,Mog,0.10940086785703898,0.0001064754142134916
354,MSE,Mog,0.11010820232331753,6.667615025435225e-05
355,MSE,Mog,0.10989825651049615,6.089281123422552e-05
356,MSE,Mog,0.10986090637743473,4.7782848923816346e-05
357,MSE,Mog,0.11009184643626213,4.0378192579737515e-05
358,MSE,Mog,0.11037886142730713,4.948664900439326e-05
359,MSE,Mog,0.10956325605511666,4.724045538750943e-05
360,MSE,Mog,0.1095275916159153,4.3825735247082775e-05
361,MSE,Mog,0.11020410135388374,4.408671622968541e-05
362,MSE,Mog,0.10978597179055213,6.633345515183464e-05
363,MSE,Mog,0.10935124177485704,4.888034254690865e-05
364,MSE,Mog,0.10962499156594277,4.67521638256585e-05
365,MSE,Mog,0.10990278050303459,2.643945083491417e-05
366,MSE,Mog,0.10965240113437176,7.4471636025919e-05
367,MSE,Mog,0.10908994488418103,6.21934229911858e-05
368,MSE,Mog,0.1095560709014535,0.00015722120315331267
369,MSE,Mog,0.10985771976411343,0.00011363917928974843
370,MSE,Mog,0.10993479751050472,7.348675217144773e-05
371,MSE,Mog,0.1108398824930191,7.605626342410687e-05
372,MSE,Mog,0.1103115003556013,4.5912912810308626e-05
373,MSE,Mog,0.11001727469265461,3.99813345666189e-05
374,MSE,Mog,0.11021727845072746,3.560520030987391e-05
375,MSE,Mog,0.11021049544215203,3.80427378559034e-05
376,MSE,Mog,0.11025723945349455,4.068515590915922e-05
377,MSE,Mog,0.11019399669021368,3.385746936146461e-05
378,MSE,Mog,0.10984787866473197,2.906625343257474e-05
379,MSE,Mog,0.11035285629332066,2.9948788323963527e-05
380,MSE,Mog,0.10993201322853566,6.343887366710987e-05
381,MSE,Mog,0.10990217681974172,5.6284475704160286e-05
382,MSE,Mog,0.11023028828203678,4.73726913696737e-05
383,MSE,Mog,0.10968913584947586,3.814314482042391e-05
384,MSE,Mog,0.10941049437969923,3.133516554498783e-05
385,MSE,Mog,0.11017544157803058,2.6390897801320534e-05
386,MSE,Mog,0.1102933093905449,2.5276720975853095e-05
387,MSE,Mog,0.10955603197216987,2.7366597464606457e-05
388,MSE,Mog,0.10991832539439202,2.847524297067139e-05
389,MSE,Mog,0.10937563925981522,3.7556252209469676e-05
390,MSE,Mog,0.1108844269067049,0.00010905613532941061
391,MSE,Mog,0.11021265350282192,0.00011003176541635185
392,MSE,Mog,0.10976320318877697,7.346614529524231e-05
393,MSE,Mog,0.11029452588409186,9.64061828199192e-05
394,MSE,Mog,0.10970678515732288,0.00010720312138801091
395,MSE,Mog,0.11046175993978977,0.00012093239365640329
396,MSE,Mog,0.11074416786432266,0.00012015052197966725
397,MSE,Mog,0.1100203761830926,0.0001467577067160164
398,MSE,Mog,0.11082971207797528,0.00020670541698564193
399,MSE,Mog,0.10981363467872143,0.00021424385295176762
400,MSE,Mog,0.10873845480382442,0.00019722350589290727
401,MSE,Mog,0.11005367785692215,0.00023925579716888024
402,MSE,Mog,0.10970609765499831,0.0002181852287321817
403,MSE,Mog,0.10903289802372455,0.00020808663157367846
404,MSE,Mog,0.10982316546142101,0.00019797340155491838
405,MSE,Mog,0.10888468138873578,0.00023672691986575956
406,MSE,Mog,0.11024791300296784,0.00023712324355074088
407,MSE,Mog,0.11088731698691845,0.0002227163909083174
408,MSE,Mog,0.10892414432018996,0.00024534126350772567
409,MSE,Mog,0.11047179512679577,0.00027368313021725044
410,MSE,Mog,0.11254840195178986,0.0002835502327798167
411,MSE,Mog,0.10964026264846324,0.0003938884055969538
412,MSE,Mog,0.10982125923037529,0.0004936666518915445
413,MSE,Mog,0.11042661108076572,0.0004972170881956117
414,MSE,Mog,0.11104568392038346,0.00037349121157603804
415,MSE,Mog,0.1093236044049263,0.0007319292253669119
416,MSE,Mog,0.10989209786057472,0.0005443789104901953
417,MSE,Mog,0.11129292175173759,0.0005154429181857267
418,MSE,Mog,0.11076879352331162,0.0005040574651502538
419,MSE,Mog,0.11026968471705914,0.00043693337647709996
420,MSE,Mog,0.10919709652662277,0.00033005321984092006
421,MSE,Mog,0.10905859693884849,0.0004565201415971387
422,MSE,Mog,0.10978720635175705,0.0003980056026193779
423,MSE,Mog,0.10954657737165689,0.00033415938196412753
424,MSE,Mog,0.1100110150873661,0.0004608688468579203
425,MSE,Mog,0.11044895127415658,0.0003347130841575563
426,MSE,Mog,0.10777850672602654,0.000528062508237781
427,MSE,Mog,0.10811559595167637,0.000619809277850436
428,MSE,Mog,0.1115700563415885,0.0005324772246240173
429,MSE,Mog,0.10920700803399086,0.0006845761636213865
430,MSE,Mog,0.10836934223771096,0.0005576250077865552
431,MSE,Mog,0.11044872552156448,0.0003431244385865284
432,MSE,Mog,0.11006382629275321,0.0003889469171554083
433,MSE,Mog,0.1091582529246807,0.0005659127364197047
434,MSE,Mog,0.11103082243353128,0.0006055781341274269
435,MSE,Mog,0.10909264776855707,0.000567541632335633
436,MSE,Mog,0.1091965863481164,0.0005043302717240294
437,MSE,Mog,0.11044696047902107,0.00039526302316517103
438,MSE,Mog,0.1103200014680624,0.0004396091517264722
439,MSE,Mog,0.11074834652245044,0.0004801418399438262
440,MSE,Mog,0.10943031087517738,0.00042766790920722997
441,MSE,Mog,0.11113670654594898,0.0004812903171114158
442,MSE,Mog,0.11100079771131277,0.001208577239594888
443,MSE,Mog,0.1118621714413166,0.0014775105846638326
444,MSE,Mog,0.11259839423000813,0.0021772791806142777
445,MSE,Mog,0.10777461230754852,0.002987351283081807
446,MSE,Mog,0.11008547581732273,0.0034795299143297598
447,MSE,Mog,0.1097105372697115,0.0030117162241367623
448,MSE,Mog,0.10812783613801003,0.0017611781222512946
449,MSE,Mog,0.11004012264311314,0.0013118134302203543
450,MSE,Mog,0.10822530649602413,0.0038469579667435028
451,MSE,Mog,0.11078710108995438,0.00160992905148305
452,MSE,Mog,0.11263019070029259,0.002421094883175101
453,MSE,Mog,0.1087609738111496,0.0028291536582401022
454,MSE,Mog,0.10963956117630005,0.0021648535184795037
455,MSE,Mog,0.11236189417541027,0.001016316149616614
456,MSE,Mog,0.10961295627057552,0.0006626332542509772
457,MSE,Mog,0.11042392551898957,0.0010204483260167763
458,MSE,Mog,0.11085342541337014,0.0005266772986942669
459,MSE,Mog,0.10902452506124974,0.000639995421806816
460,MSE,Mog,0.11031599678099155,0.0008363248816749547
461,MSE,Mog,0.1105204489082098,0.0006686241758870892
462,MSE,Mog,0.10743661373853683,0.0009284623993153218
463,MSE,Mog,0.11078500039875508,0.0007815672688593622
464,MSE,Mog,0.11166646163910628,0.0006319600797723979
465,MSE,Mog,0.10931468345224857,0.000318552614771761
466,MSE,Mog,0.10869301296770573,0.000404283418902196
467,MSE,Mog,0.10997397899627685,0.0003903888773493236
468,MSE,Mog,0.10966878533363342,0.0002576512015366461
469,MSE,Mog,0.11012051925063134,0.0002201742317993194
470,MSE,Mog,0.11015998311340809,0.00020551999659801368
471,MSE,Mog,0.11085741966962814,0.000161302050400991
472,MSE,Mog,0.11087160035967827,0.00015242917788782506
473,MSE,Mog,0.1100498877465725,0.0002276986983815732
474,MSE,Mog,0.10920151434838772,0.0002147196100850124
475,MSE,Mog,0.10964322686195374,0.00026392325162305497
476,MSE,Mog,0.11198577545583248,0.0002861936109184171
477,MSE,Mog,0.11138910278677941,0.000275053361292521
478,MSE,Mog,0.11138812676072121,0.0003185082350682933
479,MSE,Mog,0.10881655663251877,0.0005939058428339195
480,MSE,Mog,0.1083558913320303,0.00048259986033372115
481,MSE,Mog,0.1090787012130022,0.00024002688405744266
482,MSE,Mog,0.11122072488069534,0.00028865804597444367
483,MSE,Mog,0.11123681403696536,0.00033137539139715955
484,MSE,Mog,0.10947137530893088,0.0002747711678239284
485,MSE,Mog,0.11033094823360443,0.00020814781419176143
486,MSE,Mog,0.11038409173488617,0.0002923786341852974
487,MSE,Mog,0.11013391111046075,0.00025688297682791017
488,MSE,Mog,0.10933224949985743,0.0002023243850999279
489,MSE,Mog,0.1083086859434843,0.0004368738991615828
490,MSE,Mog,0.1090363547205925,0.0003478681119304383
491,MSE,Mog,0.1098791141062975,0.00020883144316030666
492,MSE,Mog,0.10836327560245991,0.0003246843907618313
493,MSE,Mog,0.1089124757796526,0.0002626682489790255
494,MSE,Mog,0.1088723499327898,0.00024142887104972033
495,MSE,Mog,0.10916868392378092,0.00018825261940946802
496,MSE,Mog,0.11045002359896898,0.00015127052483876469
497,MSE,Mog,0.11060880310833454,0.00013268650354802958
498,MSE,Mog,0.1105562500655651,0.00013252577718958491
499,MSE,Mog,0.10976126454770566,0.0001046661473083077
500,MSE,Mog,0.10994936414062977,0.00012560373625092325
501,MSE,Mog,0.10987213142216205,0.0001522415427643864
502,MSE,Mog,0.109920110180974,9.230489558831323e-05
503,MSE,Mog,0.11009037755429744,0.0001583381267664663
504,MSE,Mog,0.10962660387158393,0.00018170412204199238
505,MSE,Mog,0.11023612916469575,0.00012438352678145748
506,MSE,Mog,0.11043621450662613,0.000160995407441078
507,MSE,Mog,0.10940629206597804,0.00013484272039931966
508,MSE,Mog,0.11046192236244678,0.00011050857028749306
509,MSE,Mog,0.11096885278820992,0.00011358202300471021
510,MSE,Mog,0.11056183539330959,7.945093238959089e-05
511,MSE,Mog,0.11048536375164986,0.0001378545011903043
512,MSE,Mog,0.11082612909376621,0.00010682463880584692
513,MSE,Mog,0.10978469215333461,8.770939939495292e-05
514,MSE,Mog,0.11017260886728764,8.960189916251693e-05
515,MSE,Mog,0.11009752452373504,0.0001161289924311859
516,MSE,Mog,0.11083779819309711,9.381692780152662e-05
517,MSE,Mog,0.11034188382327556,8.157669344655005e-05
518,MSE,Mog,0.10919264405965805,8.655137662572088e-05
519,MSE,Mog,0.10943302251398564,7.513695391025976e-05
520,MSE,Mog,0.11059529930353165,8.607008112448966e-05
521,MSE,Mog,0.10972360409796238,6.883769810883678e-05
522,MSE,Mog,0.10963975749909878,7.901576418589684e-05
523,MSE,Mog,0.10938646197319031,7.780704368087754e-05
524,MSE,Mog,0.10996562112122774,4.43541280219506e-05
525,MSE,Mog,0.10992242991924286,5.2836997383565176e-05
526,MSE,Mog,0.10927708223462104,9.539490815768659e-05
527,MSE,Mog,0.10969519689679146,0.0001190684238281392
528,MSE,Mog,0.11035438887774944,0.00012344177412160207
529,MSE,Mog,0.11057614311575889,0.0001561701055834419
530,MSE,Mog,0.10975874327123165,0.00017472101944804308
531,MSE,Mog,0.1097117755562067,0.00010895729292315082
532,MSE,Mog,0.10976063385605812,0.00015626211870767293
533,MSE,Mog,0.10917409211397171,0.00025660783830971923
534,MSE,Mog,0.10960858091711997,0.00046167761047399836
535,MSE,Mog,0.1086233589798212,0.0008339109581356752
536,MSE,Mog,0.1113715935498476,0.0014498015661956742
537,MSE,Mog,0.1099590741097927,0.0011354729776940076
538,MSE,Mog,0.11033630073070526,0.0004527453456830699
539,MSE,Mog,0.11250556576997042,0.0006939809973118827
540,MSE,Mog,0.11000338774174452,0.0008584393435739912
541,MSE,Mog,0.11048558801412582,0.0006846938485978171
542,MSE,Mog,0.11262168511748313,0.0007467146533599589
543,MSE,Mog,0.11175812371075153,0.0008218122256948845
544,MSE,Mog,0.10905646868050098,0.0006641917298111366
545,MSE,Mog,0.10837377384305,0.0006631028300034814
546,MSE,Mog,0.11228360515087843,0.000794037649029633
547,MSE,Mog,0.11137288510799408,0.000799581208411837
548,MSE,Mog,0.10854097865521908,0.0008372914562642109
549,MSE,Mog,0.10944876708090305,0.0009817105346883181
550,MSE,Mog,0.10959208384156227,0.0008514522742189001
551,MSE,Mog,0.10944801159203052,0.0008445068378932774
552,MSE,Mog,0.11318608820438385,0.0011524350156832952
553,MSE,Mog,0.10866722390055657,0.001176035737444181
554,MSE,Mog,0.10911684185266494,0.0009858547564363107
555,MSE,Mog,0.11114500686526299,0.0008258099041995592
556,MSE,Mog,0.10851835757493973,0.0011118257461930625
557,MSE,Mog,0.11240086443722248,0.0012147809538873844
558,MSE,Mog,0.10916967876255512,0.0014227212050172966
559,MSE,Mog,0.10643099527806044,0.002014060039073229
560,MSE,Mog,0.10746865309774875,0.002402279249508865
561,MSE,Mog,0.11012080386281013,0.0017742606141837314
562,MSE,Mog,0.11090018451213837,0.0018372250415268354
563,MSE,Mog,0.11203183121979236,0.0019894661018042825
564,MSE,Mog,0.11080110669136048,0.0018460637220414355
565,MSE,Mog,0.10885413140058517,0.0018339039597776718
566,MSE,Mog,0.10987117998301983,0.001561716155265458
567,MSE,Mog,0.11130326017737388,0.0014590778373531066
568,MSE,Mog,0.1068835724145174,0.0015095943090273067
569,MSE,Mog,0.10910959579050541,0.0014468535300693475
570,MSE,Mog,0.10961410365998744,0.000922998344321968
571,MSE,Mog,0.10890807285904884,0.0006253751344047487
572,MSE,Mog,0.10935097988694906,0.0006926592031959444
573,MSE,Mog,0.10694696716964244,0.0006122781596786808
574,MSE,Mog,0.10934647023677826,0.0009541314830130432
575,MSE,Mog,0.10765119455754757,0.0006321437576843891
576,MSE,Mog,0.10947409085929394,0.0005402697934187017
577,MSE,Mog,0.1119127705693245,0.0005452487894217484
578,MSE,Mog,0.11073495000600815,0.000497591312523582
579,MSE,Mog,0.10968873463571072,0.0005119065863254946
580,MSE,Mog,0.1085736658424139,0.0005796818695671391
581,MSE,Mog,0.10825720354914665,0.0005594349131570198
582,MSE,Mog,0.11000199317932129,0.0007182924418884795
583,MSE,Mog,0.11027647778391839,0.0009319924211013131
584,MSE,Mog,0.10986929573118687,0.0008984703636087943
585,MSE,Mog,0.10977582633495331,0.0008456667274003848
586,MSE,Mog,0.1104956515133381,0.0009318692136730533
587,MSE,Mog,0.10992484949529172,0.0010894714687310625
588,MSE,Mog,0.10962391719222069,0.0011450400343164802
589,MSE,Mog,0.11117564551532269,0.001584299621754326
590,MSE,Mog,0.11076803505420685,0.0017630496076890267
591,MSE,Mog,0.1113230373710394,0.0016577345159021206
592,MSE,Mog,0.11012478172779083,0.0014033512816240545
593,MSE,Mog,0.11054528057575226,0.0010652318596839905
594,MSE,Mog,0.11155745014548302,0.0014270078390836716
595,MSE,Mog,0.11182727739214897,0.0023522635019617155
596,MSE,Mog,0.10760365426540375,0.0031946976778272074
597,MSE,Mog,0.11118229851126671,0.0012551375912153162
598,MSE,Mog,0.11444413773715496,0.0025494896108284593
599,MSE,Mog,0.1101027999073267,0.004018748470116407
600,MSE,Mog,0.1093634832650423,0.002540759931434877
601,MSE,Mog,0.11216511279344558,0.0016738253543735482
602,MSE,Mog,0.10881691128015518,0.0024188234383473173
603,MSE,Mog,0.1099565040320158,0.001667776312388014
604,MSE,Mog,0.11391570270061493,0.00202763888228219
605,MSE,Mog,0.11200542971491814,0.0018443220615154132
606,MSE,Mog,0.10942161791026592,0.001385262374242302
607,MSE,Mog,0.10904248617589474,0.0010051065328298137
608,MSE,Mog,0.10928648002445698,0.0005446565119200386
609,MSE,Mog,0.10934721697121859,0.0004906344220216852
610,MSE,Mog,0.1087281733751297,0.00047903647100611124
611,MSE,Mog,0.11077778972685337,0.0004168421455688076
612,MSE,Mog,0.1104820990934968,0.00037729652831330895
613,MSE,Mog,0.10841053910553455,0.0003319561801617965
614,MSE,Mog,0.10985354594886303,0.0004608743911376223
615,MSE,Mog,0.10920240953564644,0.0003450253061600961
616,MSE,Mog,0.10854158848524094,0.00020321532338130055
617,MSE,Mog,0.10943931192159653,0.00015533332771155983
618,MSE,Mog,0.10948502607643604,0.00011995906243100762
619,MSE,Mog,0.10922520942986011,9.816209194468684e-05
620,MSE,Mog,0.10951676182448863,9.987342946260469e-05
621,MSE,Mog,0.1101905096322298,0.00010032392901848652
622,MSE,Mog,0.10997816286981106,7.928922650535242e-05
623,MSE,Mog,0.10932766236364841,6.622571072512073e-05
624,MSE,Mog,0.10917292423546314,7.031852828731644e-05
625,MSE,Mog,0.10936782285571098,4.817181979888119e-05
626,MSE,Mog,0.10962137207388878,0.00010060831255032099
627,MSE,Mog,0.1099265743046999,0.00011636641602308373
628,MSE,Mog,0.10970270652323962,0.00013061973913863767
629,MSE,Mog,0.11041726898401975,0.00010724540334194899
630,MSE,Mog,0.1114199984818697,0.00010449043747939868
631,MSE,Mog,0.11012441739439964,0.00010575600026641041
632,MSE,Mog,0.10918253511190415,7.658078357053455e-05
633,MSE,Mog,0.10998231880366802,8.586469175497768e-05
634,MSE,Mog,0.11018918119370938,0.00010130001555808121
635,MSE,Mog,0.10889851972460747,0.00010743325492512668
636,MSE,Mog,0.10960401184856891,0.00020514150673989207
637,MSE,Mog,0.11013892609626055,0.00020707949852294405
638,MSE,Mog,0.10925806947052479,0.00013268175098346546
639,MSE,Mog,0.11017695665359498,9.77815902842849e-05
640,MSE,Mog,0.11121773570775986,7.831014931980462e-05
641,MSE,Mog,0.10992565155029296,6.144716030576092e-05
642,MSE,Mog,0.10981384441256523,0.0001045782200890244
643,MSE,Mog,0.10964135304093361,0.0001268298301511095
644,MSE,Mog,0.11003370471298694,9.20564111765998e-05
645,MSE,Mog,0.10994469597935677,8.157412889886473e-05
646,MSE,Mog,0.10926230177283287,7.822401403245749e-05
647,MSE,Mog,0.10972248427569867,7.722871987425606e-05
648,MSE,Mog,0.11010869182646274,6.376468695634685e-05
649,MSE,Mog,0.10955780893564224,6.707139550599095e-05
650,MSE,Mog,0.11020941250026225,0.00010369607389293378
651,MSE,Mog,0.11005443446338177,0.000126601810734428
652,MSE,Mog,0.10934540927410126,0.00010655965434125392
653,MSE,Mog,0.11011016853153706,0.00016435941142844968
654,MSE,Mog,0.10961335860192775,0.00012603173217939911
655,MSE,Mog,0.11016895174980164,0.00013341557041712804
656,MSE,Mog,0.11117078550159931,0.0001492919327574782
657,MSE,Mog,0.11080000922083855,0.0001309502713411348
658,MSE,Mog,0.11042334754019975,0.0001894641845865408
659,MSE,Mog,0.10988288968801499,0.00021765407927887281
660,MSE,Mog,0.10972907766699791,0.0002114208846251131
661,MSE,Mog,0.10961942374706268,0.00022591687866224675
662,MSE,Mog,0.1106987576931715,0.000240839739490184
663,MSE,Mog,0.11032237857580185,0.00048229514686681796
664,MSE,Mog,0.10932788625359535,0.00042752590798045276
665,MSE,Mog,0.109807687997818,0.00032670118525857106
666,MSE,Mog,0.10991175994277,0.00035316351204528473
667,MSE,Mog,0.10916144177317619,0.0007444502043654211
668,MSE,Mog,0.1132781483232975,0.0014452341929427348
669,MSE,Mog,0.10847052410244942,0.0014060940047784243
670,MSE,Mog,0.10680423267185687,0.00483254091523122
671,MSE,Mog,0.11916424930095673,0.010308517055818811
672,MSE,Mog,0.11385127045214176,0.006284404982579872
673,MSE,Mog,0.10626746974885463,0.00925602635834366
674,MSE,Mog,0.1135541208088398,0.010526149155339226
675,MSE,Mog,0.11503824889659882,0.004320821724832058
676,MSE,Mog,0.10997714158147573,0.012345011520665139
677,MSE,Mog,0.11319085992872716,0.012503842794103548
678,MSE,Mog,0.11596558112651109,0.005185206973692402
679,MSE,Mog,0.11405997723340988,0.008817246445687488
680,MSE,Mog,0.11447125822305679,0.005045331607107073
681,MSE,Mog,0.10955412834882736,0.0026736468280432746
682,MSE,Mog,0.10769593566656113,0.003296141803730279
683,MSE,Mog,0.11387868076562882,0.0017441624077036977
684,MSE,Mog,0.10988434534519911,0.0014292542255134322
685,MSE,Mog,0.10978222079575062,0.0009943515906343237
686,MSE,Mog,0.11174262426793576,0.0006202583062986378
687,MSE,Mog,0.10997919943183661,0.0004697614785982296
688,MSE,Mog,0.11010464876890183,0.0005111988339194795
689,MSE,Mog,0.10874898694455623,0.00023877199237176683
690,MSE,Mog,0.10908739492297173,0.00031441090868611354
691,MSE,Mog,0.10995672084391117,0.00023176908234745497
692,MSE,Mog,0.10963848941028118,0.00011424520880609634
693,MSE,Mog,0.10936971791088582,7.309443981284858e-05
694,MSE,Mog,0.11015468798577785,5.890293527954782e-05
695,MSE,Mog,0.10984080638736486,5.288083571031166e-05
696,MSE,Mog,0.10936375856399536,4.117204480280634e-05
697,MSE,Mog,0.10990707948803902,2.7273592650089995e-05
698,MSE,Mog,0.1100879117846489,1.6687777133483905e-05
699,MSE,Mog,0.10976224020123482,1.1791265933425166e-05
700,MSE,Mog,0.1095816869288683,1.1001095572282793e-05
701,MSE,Mog,0.11000941880047321,6.721188043457005e-06
702,MSE,Mog,0.1098661594092846,8.698975136667286e-06
703,MSE,Mog,0.10953997727483511,7.0450201405947155e-06
704,MSE,Mog,0.10981827303767204,5.471763643072336e-06
705,MSE,Mog,0.10999067053198815,4.220973195856459e-06
706,MSE,Mog,0.10974054597318172,3.0506633663662797e-06
707,MSE,Mog,0.10999076589941978,1.8926837697108567e-06
708,MSE,Mog,0.10977602824568748,1.1195742999348113e-06
709,MSE,Mog,0.10984757840633393,1.005767146011749e-06
710,MSE,Mog,0.10984392929822206,1.0362252282902773e-06
711,MSE,Mog,0.10998251736164093,6.454796412924679e-07
712,MSE,Mog,0.1099139031022787,4.816048075895196e-07
713,MSE,Mog,0.10980695150792599,7.203212149420324e-06
714,MSE,Mog,0.10955355912446976,4.441708355784613e-06
715,MSE,Mog,0.10988871064037084,2.274390197953835e-06
716,MSE,Mog,0.10979482438415289,2.7560089108646935e-06
717,MSE,Mog,0.10961737185716629,1.7322332155345066e-06
718,MSE,Mog,0.10979606769979,3.133077058237177e-06
719,MSE,Mog,0.10998530276119708,5.35118864775086e-06
720,MSE,Mog,0.10996073596179486,3.1007330818511036e-06
721,MSE,Mog,0.10977838709950447,2.731506413056195e-06
722,MSE,Mog,0.10973444171249866,2.1804634400268696e-06
723,MSE,Mog,0.11001343354582786,2.0992533222852217e-06
724,MSE,Mog,0.10972581766545772,1.8326637558629955e-06
725,MSE,Mog,0.10988917890936137,1.4515983508545105e-06
726,MSE,Mog,0.10976352766156197,1.1243922486414704e-06
727,MSE,Mog,0.1097942415624857,1.1073979138132017e-06
728,MSE,Mog,0.10970105156302452,7.940766586500558e-07
729,MSE,Mog,0.1099258579313755,9.65452663592714e-07
730,MSE,Mog,0.10991907604038716,1.0064663271691643e-06
731,MSE,Mog,0.10992132723331452,7.866904567777055e-07
732,MSE,Mog,0.10987357795238495,4.813680973825285e-07
733,MSE,Mog,0.10991060361266136,1.3858263265831283e-06
734,MSE,Mog,0.10984710566699504,1.5050432509156053e-06
735,MSE,Mog,0.10978847779333592,1.0834393577852097e-06
736,MSE,Mog,0.10993342511355877,1.366055833784685e-06
737,MSE,Mog,0.11004523709416389,2.8127483560069777e-06
738,MSE,Mog,0.10984821803867817,2.959166309324246e-06
739,MSE,Mog,0.10998649373650551,2.2522050002748983e-06
740,MSE,Mog,0.11004464998841286,6.3368047875655975e-06
741,MSE,Mog,0.10992627292871475,4.767413621209471e-06
742,MSE,Mog,0.10988303869962693,7.568647760081149e-06
743,MSE,Mog,0.11013966724276543,8.201710130606443e-06
744,MSE,Mog,0.11029939465224743,2.521647894582202e-05
745,MSE,Mog,0.10995138138532638,3.3598229492781684e-05
746,MSE,Mog,0.11013847962021828,2.0152732133738027e-05
747,MSE,Mog,0.11030012480914593,1.432877138540789e-05
748,MSE,Mog,0.10974293388426304,1.8351045184772374e-05
749,MSE,Mog,0.1096450861543417,2.076081710811195e-05
750,MSE,Mog,0.1101620078086853,2.300005138522465e-05
751,MSE,Mog,0.10985895358026028,4.907068762349809e-05
752,MSE,Mog,0.11023774929344654,2.976961877720896e-05
753,MSE,Mog,0.10998732149600983,2.5008372404045076e-05
754,MSE,Mog,0.11013683043420315,3.0055422030272894e-05
755,MSE,Mog,0.11008806005120278,2.678019882296212e-05
756,MSE,Mog,0.11001844070851803,1.9383308767828566e-05
757,MSE,Mog,0.11010138057172299,1.4998631172602472e-05
758,MSE,Mog,0.109192506223917,2.171467008338368e-05
759,MSE,Mog,0.10972599945962429,1.5926884373129724e-05
760,MSE,Mog,0.11000204645097256,1.4895446383889066e-05
761,MSE,Mog,0.10988385118544101,1.3359665558709821e-05
762,MSE,Mog,0.1099198080599308,1.3394471238825645e-05
763,MSE,Mog,0.11018196232616902,1.397687515236612e-05
764,MSE,Mog,0.10967467129230499,1.1819083539421626e-05
765,MSE,Mog,0.10960939079523087,9.472807505517267e-06
766,MSE,Mog,0.11009372174739837,7.010539547991357e-06
767,MSE,Mog,0.11001619808375836,7.323883835397282e-06
768,MSE,Mog,0.10992861129343509,7.0655049739798415e-06
769,MSE,Mog,0.11009632609784603,9.443080898563494e-06
770,MSE,Mog,0.109976377338171,9.973665385132335e-06
771,MSE,Mog,0.1101033978164196,1.0961716554902523e-05
772,MSE,Mog,0.1100502461194992,1.0575062105999677e-05
773,MSE,Mog,0.10985898934304714,9.4441613782692e-06
774,MSE,Mog,0.10990207456052303,1.475781300541712e-05
775,MSE,Mog,0.11002780385315418,2.2054109990676807e-05
776,MSE,Mog,0.10987520366907119,2.7684855126608454e-05
777,MSE,Mog,0.10964461378753185,2.9568183890660293e-05
778,MSE,Mog,0.109672075137496,3.8859386904732673e-05
779,MSE,Mog,0.10954372622072697,5.103283206153719e-05
780,MSE,Mog,0.10986231230199336,6.292497619142523e-05
781,MSE,Mog,0.10959559120237827,6.03559064984438e-05
782,MSE,Mog,0.1098263081163168,7.179793374234578e-05
783,MSE,Mog,0.10945075489580632,6.829561698395992e-05
784,MSE,Mog,0.10955641847103834,0.00011648658619378693
785,MSE,Mog,0.11058656647801399,0.00015126908783713588
786,MSE,Mog,0.11048361733555793,8.155613841154263e-05
787,MSE,Mog,0.10998683292418718,0.0001836758433455543
788,MSE,Mog,0.11037773787975311,0.0002627279891385115
789,MSE,Mog,0.10769174844026566,0.00028075043883291073
790,MSE,Mog,0.10951045788824558,0.0003628317799666547
791,MSE,Mog,0.1112827405333519,0.00020426135233719833
792,MSE,Mog,0.10896006338298321,0.0006125184363554581
793,MSE,Mog,0.10960702132433653,0.0005561892085097497
794,MSE,Mog,0.1100752878934145,0.0003455741243669763
795,MSE,Mog,0.1073269434273243,0.0005554997678700602
796,MSE,Mog,0.11136718913912773,0.0010409007263660897
797,MSE,Mog,0.10890192501246929,0.0008827345372992568
798,MSE,Mog,0.1074885692447424,0.0006935829915164504
799,MSE,Mog,0.10970646552741528,0.0007238738508021925
800,MSE,Mog,0.10879704356193542,0.0007769590774842072
801,MSE,Mog,0.10808298029005528,0.0007871969501138665
802,MSE,Mog,0.11049156412482261,0.000971829955233261
803,MSE,Mog,0.1141091488301754,0.0011755303567042574
804,MSE,Mog,0.11318098455667495,0.0013840262035955675
805,MSE,Mog,0.11080323234200477,0.00235449102910934
806,MSE,Mog,0.10798868834972382,0.0026195916943834163
807,MSE,Mog,0.10887731462717057,0.002255572020658292
808,MSE,Mog,0.11251010969281197,0.0019420855096541345
809,MSE,Mog,0.11072462368756533,0.0025488054889137857
810,MSE,Mog,0.1102843765169382,0.0036873897624900565
811,MSE,Mog,0.10942914225161075,0.00319906699587591
812,MSE,Mog,0.11155932284891605,0.0029016606276854873
813,MSE,Mog,0.10852005612105131,0.0012277034693397582
814,MSE,Mog,0.10854542776942253,0.0007662489442736842
815,MSE,Mog,0.10978631637990474,0.0007263552179210819
816,MSE,Mog,0.11014025695621968,0.0006086645444156602
817,MSE,Mog,0.11119305714964867,0.0004260661607986549
818,MSE,Mog,0.1107374008744955,0.0004492894295253791
819,MSE,Mog,0.10793858245015145,0.00038192363717826083
820,MSE,Mog,0.10848891511559486,0.000318506958137732
821,MSE,Mog,0.11079674605280161,0.0003790746131926426
822,MSE,Mog,0.11027317754924297,0.00042541372204141226
823,MSE,Mog,0.10946301445364952,0.0003065833770961035
824,MSE,Mog,0.1082868043333292,0.00023617421720700804
825,MSE,Mog,0.10805648677051068,0.0002218870595243061
826,MSE,Mog,0.1092770267277956,0.00020210578259138856
827,MSE,Mog,0.10974704474210739,0.0002008425144595094
828,MSE,Mog,0.10972652770578861,0.00017232396294275532
829,MSE,Mog,0.1099363997578621,0.00022541887028637575
830,MSE,Mog,0.10894881375133991,0.00019026676909561502
831,MSE,Mog,0.10988041162490844,0.00020529535049718106
832,MSE,Mog,0.10929062627255917,0.0001643790183152305
833,MSE,Mog,0.10974938794970512,0.00015636485750292195
834,MSE,Mog,0.10904310680925847,0.00015233273825288052
835,MSE,Mog,0.10855983812361955,0.00021422410009108717
836,MSE,Mog,0.10952728837728501,0.00018788067700370448
837,MSE,Mog,0.11081095673143863,0.00017394917449564673
838,MSE,Mog,0.10981550626456738,0.0001881802818388678
839,MSE,Mog,0.10985777340829372,0.00016372360369132366
840,MSE,Mog,0.10996942967176437,0.00015109794912859797
841,MSE,Mog,0.10935253947973252,0.00018900137547461782
842,MSE,Mog,0.10845468118786812,0.00016825494640215766
843,MSE,Mog,0.10888059623539448,0.00017585058867553016
844,MSE,Mog,0.11132839731872082,0.0002145774706150405
845,MSE,Mog,0.11126522067934275,0.0002707161429498228
846,MSE,Mog,0.10990182124078274,0.0002965187668451108
847,MSE,Mog,0.10853536315262317,0.00026577083372103516
848,MSE,Mog,0.10830093063414097,0.000294331331133435
849,MSE,Mog,0.10770996995270252,0.0003271925470471615
850,MSE,Mog,0.10887775607407094,0.0003430797050896217
851,MSE,Mog,0.11025126352906227,0.000229247546485567
852,MSE,Mog,0.11019418910145759,0.0002884136611100985
853,MSE,Mog,0.10838503167033195,0.0002987328789458843
854,MSE,Mog,0.10971714630722999,0.0003215234428353142
855,MSE,Mog,0.11052495762705802,0.00023802807663741987
856,MSE,Mog,0.10947528462857008,0.00014987967824708903
857,MSE,Mog,0.10957207959145307,0.0001278161607842776
858,MSE,Mog,0.10871665440499782,0.00012514818718045717
859,MSE,Mog,0.10927220694720745,0.0001433120050933212
860,MSE,Mog,0.11008518263697624,0.0001492567093919206
861,MSE,Mog,0.11046347431838513,0.000201067151465395
862,MSE,Mog,0.11053466089069844,0.00022117499884188874
863,MSE,Mog,0.10966436304152012,0.0003512073467391019
864,MSE,Mog,0.1107056800276041,0.0004473955905268667
865,MSE,Mog,0.1088729377835989,0.00043268986519251484
866,MSE,Mog,0.11016205437481404,0.00037474697455763817
867,MSE,Mog,0.1098751874640584,0.000446837484560092
868,MSE,Mog,0.108375508710742,0.00048212861747742863
869,MSE,Mog,0.11036467775702477,0.0005831690941704437
870,MSE,Mog,0.10984422005712986,0.0008632186272734543
871,MSE,Mog,0.11059654615819454,0.0009177678475680295
872,MSE,Mog,0.11133351139724254,0.0006951634932192974
873,MSE,Mog,0.1104430291801691,0.0009782721317606047
874,MSE,Mog,0.10943713821470738,0.0011299503130430821
875,MSE,Mog,0.10761255100369453,0.001150175045040669
876,MSE,Mog,0.10681832656264305,0.0011873196490341797
877,MSE,Mog,0.10831694938242435,0.0011915346403839067
878,MSE,Mog,0.10893791615962982,0.0011737880340660922
879,MSE,Mog,0.10726156570017338,0.001282710232771933
880,MSE,Mog,0.11016872581094503,0.001232742506545037
881,MSE,Mog,0.11058370731770992,0.0012282149145903531
882,MSE,Mog,0.10912764891982078,0.0011661900207400322
883,MSE,Mog,0.11253248751163483,0.0010784454752865713
884,MSE,Mog,0.11120067127048969,0.0010843501841009129
885,MSE,Mog,0.11000651605427265,0.0011492060802993365
886,MSE,Mog,0.10886600092053414,0.00143054253567243
887,MSE,Mog,0.10888207703828812,0.0009633549525460694
888,MSE,Mog,0.11092371754348278,0.001520498739409959
889,MSE,Mog,0.10926570892333984,0.0017069428213289939
890,MSE,Mog,0.10947194304317236,0.0010460082376084756
891,MSE,Mog,0.11085882522165776,0.0006689559813821688
892,MSE,Mog,0.1099177336320281,0.0006950098104425706
893,MSE,Mog,0.10983638763427735,0.0005254852840153035
894,MSE,Mog,0.10965275280177593,0.00044405490916687995
895,MSE,Mog,0.11035511903464794,0.0003385854051884962
896,MSE,Mog,0.1099751278758049,0.0002844354949047556
897,MSE,Mog,0.11110595557838679,0.00030592155053454917
898,MSE,Mog,0.11079708505421877,0.00023896243783383397
899,MSE,Mog,0.10950724072754384,0.00016611726823612116
900,MSE,Mog,0.11027174256742,0.00019950134446844459
901,MSE,Mog,0.11158637888729572,0.0002510002377675846
902,MSE,Mog,0.10965087590739131,0.0002614330473988957
903,MSE,Mog,0.11010582204908133,0.00038642666277155513
904,MSE,Mog,0.1110824253410101,0.0002952214645119966
905,MSE,Mog,0.11019727140665055,0.0005832281358379987
906,MSE,Mog,0.1102563988417387,0.001037218569763354
907,MSE,Mog,0.11082354038953782,0.0006657863450527657
908,MSE,Mog,0.10798773765563965,0.0018873211884056218
909,MSE,Mog,0.11189921945333481,0.003498421050608158
910,MSE,Mog,0.11407564766705036,0.0017287873088207562
911,MSE,Mog,0.11093517132103443,0.0048102581276907586
912,MSE,Mog,0.10818929858505726,0.007320364777115174
913,MSE,Mog,0.11262159384787082,0.004387928260257468
914,MSE,Mog,0.10902681648731231,0.003816576238023117
915,MSE,Mog,0.11221841275691986,0.005098267647554167
916,MSE,Mog,0.11168483011424542,0.0033147171488963068
917,MSE,Mog,0.10698436386883259,0.0016876179142855108
918,MSE,Mog,0.1063947444781661,0.0012854692758992314
919,MSE,Mog,0.10987452752888202,0.0012995436700293794
920,MSE,Mog,0.11512069134041666,0.0011519085746840574
921,MSE,Mog,0.11157265715301037,0.0008238618611358106
922,MSE,Mog,0.10850277394056321,0.0005609380059468094
923,MSE,Mog,0.11125957071781159,0.0005626539732475067
924,MSE,Mog,0.11021805405616761,0.0005809448830405017
925,MSE,Mog,0.10930149480700493,0.0005141888195794309
926,MSE,Mog,0.10978766866028308,0.00042236480658175424
927,MSE,Mog,0.10737737007439137,0.0013481883361237124
928,MSE,Mog,0.10964359790086746,0.0013188031916797627
929,MSE,Mog,0.10998637899756432,0.0009333990801678738
930,MSE,Mog,0.1096122145652771,0.0005763498666055966
931,MSE,Mog,0.10849677361547946,0.0003237702439946588
932,MSE,Mog,0.10937753207981586,0.00031336056235886645
933,MSE,Mog,0.10989563129842281,0.00021886712238483597
934,MSE,Mog,0.10917671769857407,0.0002525079162296606
935,MSE,Mog,0.10947820097208023,0.00014962905606807908
936,MSE,Mog,0.1107941497117281,9.117880472331308e-05
937,MSE,Mog,0.10930035747587681,9.293664106735378e-05
938,MSE,Mog,0.109048393368721,8.999664123621187e-05
939,MSE,Mog,0.10938395448029041,7.94369352661306e-05
940,MSE,Mog,0.10973578169941903,7.778352528475807e-05
941,MSE,Mog,0.11011096574366093,5.457949873743928e-05
942,MSE,Mog,0.1100260492414236,3.111199566774303e-05
943,MSE,Mog,0.10971554052084684,3.40666242664156e-05
944,MSE,Mog,0.10968384444713593,4.1922567561414326e-05
945,MSE,Mog,0.10991834215819836,4.967260792909656e-05
946,MSE,Mog,0.10919368416070938,4.986399608242209e-05
947,MSE,Mog,0.10935305580496787,0.00012591840390996367
948,MSE,Mog,0.10976532623171806,0.000163409957622207
949,MSE,Mog,0.10921646729111671,0.00010905859107879223
950,MSE,Mog,0.10877951215952635,6.871993400636711e-05
951,MSE,Mog,0.10911484137177467,7.705093321419554e-05
952,MSE,Mog,0.10966190695762634,8.909395546652377e-05
953,MSE,Mog,0.10965673215687274,8.750514871280757e-05
954,MSE,Mog,0.1103744488209486,0.00012097127091692528
955,MSE,Mog,0.10984061285853386,0.00021561874746112153
956,MSE,Mog,0.10923768803477288,0.00038830723406135803
957,MSE,Mog,0.1115266527980566,0.0005249693977020797
958,MSE,Mog,0.10873580612242222,0.0007025156846793834
959,MSE,Mog,0.10770155377686023,0.000373312323972641
960,MSE,Mog,0.10904448069632053,0.0003063369749725098
961,MSE,Mog,0.10913318917155265,0.00037853938920306973
962,MSE,Mog,0.10936864428222179,0.0003089265210292069
963,MSE,Mog,0.10871365815401077,0.0003392607031855732
964,MSE,Mog,0.10997171066701412,0.00030741444425075315
965,MSE,Mog,0.11136149726808071,0.00036336498487798963
966,MSE,Mog,0.11148040182888508,0.00041727958523551933
967,MSE,Mog,0.1100127074867487,0.00048202968173427507
968,MSE,Mog,0.1093236692249775,0.0004870835655310657
969,MSE,Mog,0.10843981727957726,0.00042672883137129247
970,MSE,Mog,0.11006801277399063,0.0005025158388889395
971,MSE,Mog,0.11188102252781391,0.0005235698517935816
972,MSE,Mog,0.11119579784572124,0.0006405193289538147
973,MSE,Mog,0.1102664265781641,0.0005616471953544533
974,MSE,Mog,0.1099364548921585,0.0002642960480443435
975,MSE,Mog,0.11071573309600354,0.0004588920546666486
976,MSE,Mog,0.10985265728086233,0.0004409502780617913
977,MSE,Mog,0.10976603217422962,0.0002986998842970934
978,MSE,Mog,0.11105813533067703,0.00019060996419284493
979,MSE,Mog,0.11074892319738865,0.00020746186055475846
980,MSE,Mog,0.10904576405882835,0.0002410442148175207
981,MSE,Mog,0.10913199223577977,0.0002667408052730025
982,MSE,Mog,0.11031713895499706,0.0002682737904251553
983,MSE,Mog,0.10960146859288215,0.0004659934711526148
984,MSE,Mog,0.10941923782229424,0.0005387625678849872
985,MSE,Mog,0.10981557630002499,0.000496738819492748
986,MSE,Mog,0.10805468298494816,0.0004978636752639432
987,MSE,Mog,0.11071959994733334,0.0004681360660470091
988,MSE,Mog,0.11348803862929344,0.0013648334715981036
989,MSE,Mog,0.11209314204752445,0.001049953807523707
990,MSE,Mog,0.10888032130897045,0.003853892660117708
991,MSE,Mog,0.11131884567439557,0.003375875632627867
992,MSE,Mog,0.1079846715554595,0.002080816382658668
993,MSE,Mog,0.11017239801585674,0.0021306248891050927
994,MSE,Mog,0.11274881511926652,0.0016124847461469471
995,MSE,Mog,0.10903903543949127,0.0009377916649100371
996,MSE,Mog,0.1106336884200573,0.0013092670633341186
997,MSE,Mog,0.11022795476019383,0.0016951484758465085
998,MSE,Mog,0.10846159867942333,0.0010982355233863927
999,MSE,Mog,0.10973891913890839,0.0007395489046757575
1000,MSE,Mog,0.1100265558809042,0.0005437454492493998
